user_id,0,1,2,3,4,5,6,7,8,9,10,11,12,13,14,15,16,17,18,19
166,60,35,22,37,76,65,72,66,80,148,58,40,200,11,7,146,147,59,67,21
26,35,37,22,60,76,59,33,21,49,19,32,67,34,36,65,66,78,5,1,40
41,60,35,37,22,76,65,66,72,40,58,59,33,21,67,32,49,19,7,34,36
286,60,35,37,22,76,65,66,72,80,40,58,200,36,7,33,32,21,59,11,19
108,60,35,22,37,76,66,65,72,40,58,59,33,21,67,32,49,19,7,34,36
479,60,35,37,22,76,65,66,72,80,58,40,200,7,11,148,36,59,21,32,146
483,60,35,22,37,76,65,66,72,40,80,58,7,11,36,33,32,200,59,21,19
355,76,60,35,22,37,72,65,80,66,200,58,148,40,11,7,146,147,142,136,102
297,60,35,37,22,76,65,66,72,80,40,58,200,36,7,11,59,21,32,33,67
88,60,35,37,22,76,65,66,72,40,58,59,33,32,80,49,19,21,67,34,7
308,35,22,37,60,76,65,66,72,40,80,58,36,7,200,11,33,32,21,148,59
452,35,22,37,60,76,65,66,72,40,58,80,36,33,21,32,7,19,59,11,34
262,35,22,37,60,76,66,65,72,80,40,58,200,7,36,11,21,33,148,32,59
225,35,22,37,76,60,72,65,80,66,200,148,58,40,11,7,147,146,172,142,155
247,35,22,37,60,76,65,72,80,200,66,148,58,40,7,11,146,147,36,142,172
223,35,37,22,60,76,65,66,72,40,36,58,80,33,32,21,19,34,59,49,67
421,35,22,37,60,76,65,66,72,40,80,58,7,11,36,33,21,32,200,19,34
109,60,35,22,37,76,66,65,72,40,58,7,59,21,11,33,80,32,67,49,19
441,35,22,37,60,76,65,66,72,80,58,40,200,11,7,148,36,21,33,32,146
454,60,35,22,37,76,65,66,72,80,58,40,200,7,11,148,36,21,59,33,32
60,60,35,22,37,76,65,66,72,80,58,7,11,40,148,200,59,21,5,33,67
337,60,35,22,37,76,65,66,72,80,58,40,200,11,7,148,36,146,59,33,21
136,60,37,22,35,76,66,65,72,40,58,59,33,21,32,49,19,67,80,34,36
176,60,35,22,37,76,65,66,72,80,40,58,59,21,33,32,19,7,67,36,49
234,60,35,37,22,76,65,66,72,80,40,58,7,36,11,33,32,21,200,59,19
370,60,37,22,35,76,66,65,72,80,40,58,7,11,36,200,148,21,59,33,32
245,60,35,22,37,76,65,66,72,80,200,58,40,11,7,148,36,146,59,33,21
482,60,35,22,37,76,65,66,72,80,58,40,200,7,11,148,36,21,59,33,32
267,60,35,22,37,76,65,66,72,80,40,58,7,11,36,200,33,32,21,59,148
50,60,35,37,22,76,65,66,59,33,21,32,49,19,67,5,72,34,36,1,78
56,60,35,22,37,76,59,33,21,49,19,32,67,5,34,66,65,1,36,78,72
40,60,35,22,37,76,59,33,21,49,19,32,67,5,34,65,66,1,36,78,72
343,60,35,22,37,76,65,66,72,80,58,40,7,11,200,148,36,21,59,33,32
52,60,35,22,37,76,65,66,72,40,7,80,58,11,59,5,21,33,32,67,19
404,60,35,22,37,76,66,65,72,80,40,58,7,11,36,200,21,59,148,33,32
373,60,35,22,37,76,65,66,72,80,40,58,7,11,36,200,148,21,59,33,32
173,60,22,35,37,76,65,66,72,40,58,59,21,7,33,32,67,19,49,80,11
362,60,35,22,37,76,66,65,72,80,40,58,7,11,200,36,148,21,59,33,32
49,60,35,37,22,76,66,65,72,40,7,58,11,59,33,80,21,32,49,19,67
406,60,35,22,37,76,65,72,66,80,58,40,11,7,200,148,36,146,59,33,21
307,35,22,37,60,76,40,65,66,7,80,11,58,72,21,33,32,36,19,59,34
89,60,35,37,22,76,59,33,21,49,19,67,32,5,34,66,65,36,78,1,72
306,35,22,60,76,37,80,72,65,200,66,148,58,7,11,40,147,146,142,34,33
395,60,35,22,37,76,65,66,72,40,80,58,7,11,36,148,33,21,200,32,59
317,60,35,22,37,76,65,66,72,80,40,58,200,7,11,36,21,59,33,148,32
148,60,35,22,37,76,65,66,72,40,80,58,59,21,7,33,32,67,19,49,11
189,60,35,37,22,76,66,65,72,40,58,59,21,7,33,67,32,49,19,80,36
233,60,35,22,37,76,66,65,72,80,40,58,200,7,11,36,21,59,33,148,32
383,60,35,22,37,76,65,66,72,80,40,58,7,11,200,36,148,21,59,33,32
6,35,37,22,60,59,21,5,32,33,19,49,67,1,34,36,76,65,66,40,7
470,60,35,22,37,76,65,66,72,40,80,58,7,11,36,148,200,33,21,32,59
430,76,60,35,22,37,72,65,80,66,200,58,148,40,7,11,146,147,142,136,126
85,35,37,22,60,76,65,66,40,7,11,72,59,33,21,32,19,58,49,67,5
420,60,35,22,37,76,65,66,72,80,40,58,7,11,36,200,33,21,148,32,59
336,60,35,22,37,76,65,66,72,80,58,200,40,7,11,148,36,146,59,33,21
378,76,60,35,22,37,72,80,65,66,200,148,58,7,11,40,142,146,147,102,131
62,60,35,37,22,76,65,66,72,40,7,11,58,59,33,67,32,49,19,5,21
104,60,35,22,37,76,66,65,72,80,40,7,58,11,59,21,33,5,32,19,49
365,35,22,37,60,76,7,11,40,65,66,80,58,72,33,21,32,36,5,19,148
285,60,35,22,37,76,65,66,72,80,200,58,40,7,11,148,146,36,59,33,32
129,60,35,22,37,76,66,65,72,40,80,58,7,59,11,21,33,32,67,19,78
172,60,35,37,22,76,59,33,49,19,32,21,67,34,36,66,65,78,5,1,77
241,60,35,37,22,76,66,65,72,80,40,58,7,11,36,200,33,32,59,21,19
114,60,35,37,22,76,65,66,72,40,7,58,59,11,33,32,49,19,21,67,80
340,60,35,22,37,76,65,66,72,80,40,58,7,11,36,200,33,32,59,21,19
471,76,35,22,60,37,80,72,65,66,200,58,148,40,11,7,146,147,142,102,131
478,60,35,22,37,76,65,66,72,80,58,40,7,11,200,148,36,146,59,5,33
37,35,37,22,60,76,65,66,72,40,7,58,11,59,33,32,5,49,19,21,67
244,60,35,37,22,76,66,65,72,80,40,58,7,11,36,200,33,32,59,21,19
486,35,22,37,60,76,65,66,72,80,40,58,200,7,11,148,36,21,33,59,32
134,35,22,37,60,76,59,21,33,19,32,49,67,36,78,34,66,65,40,72,5
34,35,37,22,60,76,21,33,49,59,19,66,65,32,36,5,67,34,1,78,72
254,35,37,22,60,76,65,66,72,40,80,58,7,36,11,21,33,32,19,59,200
467,35,22,37,60,76,65,66,72,80,40,58,200,11,7,148,36,21,146,59,33
446,35,22,37,60,76,65,66,72,80,40,58,200,7,11,148,36,21,59,33,32
295,35,22,37,60,76,65,66,72,80,40,58,200,36,7,11,21,33,32,59,19
137,35,22,37,60,76,66,65,72,40,58,21,59,33,32,80,19,36,67,49,7
235,35,22,37,60,76,65,66,72,40,80,58,36,7,11,200,21,33,32,59,19
296,35,22,37,60,76,65,66,72,80,40,58,200,7,36,11,148,21,33,59,32
492,35,37,22,60,76,65,66,72,80,40,58,7,11,36,200,21,33,32,19,59
422,35,22,37,60,76,65,72,80,66,200,58,40,148,11,7,146,147,36,33,21
2,35,37,22,60,76,21,32,33,59,19,66,65,49,36,5,67,34,72,1,40
43,35,37,22,60,76,65,66,40,72,58,21,7,33,59,32,19,11,49,36,67
227,35,22,37,60,76,65,66,72,80,40,58,200,7,36,11,21,33,148,59,32
348,35,22,37,60,76,65,66,72,80,40,58,200,7,36,11,148,21,33,32,59
46,35,22,37,60,76,66,65,72,80,40,58,21,59,7,33,32,19,11,36,67
203,35,22,37,60,76,65,66,80,72,40,58,7,21,11,33,59,36,200,32,19
251,35,22,37,60,76,65,66,72,80,58,40,200,7,148,11,36,146,59,21,33
149,35,37,22,60,76,59,21,33,32,65,66,19,67,49,36,78,34,40,72,58
487,35,22,37,60,76,65,66,72,80,40,58,200,11,7,148,36,21,33,32,59
171,35,37,22,60,76,21,33,32,19,59,36,49,67,34,66,65,40,5,78,72
201,60,35,22,37,76,66,65,72,80,40,58,59,21,67,33,19,32,7,78,36
120,35,37,22,60,76,65,66,72,40,58,59,21,7,33,19,32,67,49,80,11
329,35,37,60,22,76,66,65,72,80,40,58,7,200,11,36,21,33,59,32,19
81,35,60,37,22,76,66,65,72,40,58,7,80,59,21,33,19,32,11,49,67
97,35,60,37,22,76,66,65,72,40,58,7,80,59,21,33,11,19,32,49,67
326,35,22,37,60,76,66,65,80,40,7,72,58,11,21,33,36,32,19,59,5
198,35,22,37,60,76,40,21,7,65,66,33,19,59,32,11,80,58,5,49,34
284,35,22,37,60,76,65,66,72,80,58,200,40,11,7,148,36,146,59,21,33
147,35,22,60,37,76,65,66,72,80,40,58,59,21,33,19,32,7,36,67,49
301,35,22,37,60,76,66,65,72,80,40,58,7,36,200,11,21,59,33,32,19
457,35,22,37,60,76,65,66,72,80,58,40,200,11,7,148,36,59,21,146,33
207,35,22,60,37,76,66,65,72,80,40,58,7,36,11,21,33,200,148,59,32
141,35,37,60,22,76,59,21,33,65,66,19,32,67,49,36,78,72,34,40,5
263,35,22,37,60,76,65,72,66,80,200,58,40,7,11,148,36,146,59,33,147
211,35,22,37,60,76,66,65,72,80,58,40,200,7,11,36,148,21,59,33,32
30,35,37,22,60,76,66,65,40,72,7,11,21,33,19,32,58,5,59,49,36
164,35,22,37,60,76,65,66,40,72,59,21,33,19,32,7,49,58,67,36,11
238,35,22,37,60,76,65,80,66,72,7,11,40,58,200,148,36,21,33,32,19
299,35,37,60,22,76,66,65,72,80,40,58,7,36,11,200,21,33,59,32,19
253,35,22,60,37,76,65,66,72,80,40,58,200,7,36,11,21,59,33,32,19
67,35,22,37,60,76,59,66,65,21,33,19,32,67,49,36,72,78,34,40,5
110,35,60,37,22,76,65,66,72,40,58,80,59,7,21,33,19,32,49,11,67
138,35,22,37,60,76,66,65,72,40,80,21,59,58,7,33,19,32,36,11,67
3,60,35,22,37,76,65,66,72,40,58,59,7,49,67,11,21,33,32,19,5
246,35,37,60,22,76,66,65,72,80,40,58,7,11,36,200,21,33,59,32,19
107,35,60,37,22,76,59,65,66,21,33,19,32,67,49,36,5,72,78,34,40
119,35,37,60,22,76,59,21,19,33,49,32,67,36,5,65,66,78,34,1,40
485,35,22,60,37,76,65,66,72,80,40,58,7,11,200,36,21,59,33,19,148
443,35,22,60,37,76,65,66,72,80,58,40,200,7,11,148,36,21,59,33,19
350,35,22,37,60,76,66,65,72,80,40,58,7,200,11,36,21,33,59,32,19
154,35,60,37,22,76,65,66,72,40,58,59,80,21,33,19,32,49,67,7,36
480,35,22,37,60,76,66,65,80,72,40,7,58,11,200,36,21,33,59,19,32
280,35,22,37,60,76,65,66,40,80,7,72,11,58,21,33,36,32,19,59,5
335,35,22,37,60,76,66,65,72,80,40,58,7,200,11,148,36,21,59,33,32
216,35,37,60,22,76,65,66,72,80,40,58,36,7,21,33,59,32,19,11,67
375,35,22,37,60,76,66,65,72,80,40,58,200,7,11,36,21,59,148,33,32
71,35,22,37,60,76,65,66,59,72,21,33,19,32,49,67,36,34,5,78,40
425,35,22,37,60,76,66,65,72,80,58,40,200,7,11,148,36,21,59,33,19
347,35,22,60,37,76,66,65,72,80,40,58,7,200,11,36,21,33,59,32,19
394,35,22,60,37,76,65,72,80,66,200,58,148,40,11,7,146,147,36,59,33
237,35,37,22,60,76,65,66,72,80,40,58,7,11,36,200,21,33,59,32,19
257,35,22,60,37,76,65,66,72,80,40,58,7,11,36,200,21,59,33,32,19
389,35,22,37,60,76,7,40,11,65,66,80,58,72,21,33,36,19,32,5,59
208,35,22,60,37,76,65,66,72,80,40,58,7,11,36,200,148,21,59,33,32
214,35,22,60,37,76,65,66,72,80,58,200,40,11,7,148,36,146,59,21,33
178,35,22,37,60,76,65,66,72,40,80,58,59,21,7,33,19,32,67,11,36
163,35,37,60,22,76,59,21,19,33,49,32,67,36,78,66,65,34,5,40,1
160,35,22,60,37,76,66,65,72,40,59,58,21,33,19,32,67,7,49,36,80
349,35,22,60,37,76,65,66,72,80,40,58,200,7,11,36,148,21,59,33,32
334,35,22,60,37,76,65,66,72,80,58,40,200,7,11,36,148,21,59,33,32
106,35,37,60,22,76,66,65,59,21,19,33,49,32,67,36,34,72,78,5,1
204,35,22,37,60,76,66,65,72,80,59,36,40,21,33,58,19,49,32,67,34
274,35,22,60,37,76,66,65,72,80,40,58,7,200,36,11,21,33,59,32,19
242,35,22,60,37,76,65,66,72,80,40,58,7,200,11,36,21,59,33,32,19
364,35,22,60,37,76,65,66,72,80,40,58,7,11,200,36,21,33,59,32,19
127,35,22,37,60,76,65,66,72,40,80,58,59,21,7,33,19,32,11,49,36
371,35,22,60,37,76,65,66,72,80,40,58,7,11,200,36,21,33,59,32,19
357,35,22,37,60,76,65,72,80,66,58,200,40,11,7,148,36,146,59,33,32
38,35,37,22,60,76,65,66,72,40,7,58,59,21,11,33,80,19,32,5,49
224,35,22,60,37,76,65,66,72,80,40,58,7,11,36,200,21,59,33,32,19
491,35,22,37,60,76,66,65,72,80,40,58,7,11,200,36,21,59,148,33,19
1,60,35,22,37,76,65,66,72,58,40,59,7,67,11,49,21,5,32,33,19
157,35,22,60,37,76,65,66,72,80,40,58,59,21,7,33,19,32,11,36,67
319,35,22,60,37,76,66,65,72,80,58,40,200,7,11,36,148,21,59,33,32
32,35,37,22,60,76,66,65,59,21,33,72,19,32,49,5,67,36,34,1,40
54,35,60,37,22,76,65,66,72,40,58,7,80,59,21,33,19,32,11,49,67
248,35,22,37,60,76,66,65,72,80,40,58,7,11,200,36,21,33,59,32,19
16,60,35,22,37,76,66,65,72,58,59,40,67,49,7,11,21,5,32,33,19
367,35,22,60,37,76,65,66,72,80,40,58,7,200,11,148,36,21,59,33,32
5,35,37,22,60,76,65,66,72,40,58,7,59,21,11,33,32,19,67,5,49
80,35,60,37,22,76,66,65,72,40,58,7,80,59,21,33,19,32,11,49,67
53,35,37,60,22,76,66,65,72,40,58,80,7,59,21,11,33,19,32,49,5
65,35,22,37,60,76,40,7,66,65,21,11,59,33,19,32,58,5,36,49,72
465,35,37,22,60,76,65,66,72,80,40,58,7,11,36,200,21,59,148,33,19
96,35,37,60,22,76,59,21,19,33,49,32,67,36,5,65,66,78,34,1,40
407,35,22,60,37,76,65,66,72,80,58,40,200,11,7,148,36,59,21,146,33
442,76,35,22,60,37,72,65,80,66,200,58,148,40,11,7,146,147,142,36,136
162,76,35,22,60,37,72,65,66,80,148,58,200,40,7,11,146,147,78,49,67
323,35,37,22,60,76,65,66,72,80,40,58,7,200,11,36,21,33,59,32,19
209,35,22,37,60,76,21,33,19,32,40,36,65,66,7,34,59,11,58,5,49
168,35,22,37,60,76,65,66,72,40,80,58,59,21,7,33,19,32,67,11,36
179,35,22,60,37,76,65,66,72,40,58,59,21,7,80,33,19,32,67,49,11
260,35,22,60,37,76,65,66,72,80,40,58,200,7,11,36,148,21,59,33,32
99,35,22,60,37,76,66,65,72,80,40,58,7,11,59,21,33,19,32,67,5
424,76,35,22,37,60,72,65,80,66,200,58,148,40,11,7,146,147,142,136,36
122,35,37,22,60,76,65,66,72,40,58,7,80,59,21,33,19,32,11,49,67
135,35,22,37,60,76,65,66,72,40,58,59,21,33,80,19,32,7,49,67,36
416,35,22,37,60,76,65,72,80,66,200,58,11,40,7,148,36,146,147,33,21
55,35,22,37,60,76,65,66,72,40,7,80,21,59,11,33,58,19,32,5,36
438,35,22,37,60,76,80,72,65,200,66,11,58,7,40,148,147,146,33,34,32
185,35,22,60,37,76,65,66,72,40,58,59,21,7,80,33,19,32,67,49,11
261,35,22,37,60,76,65,66,72,80,40,58,7,200,11,36,21,59,33,32,19
468,76,35,22,60,37,72,65,80,66,200,58,148,40,11,7,146,147,142,136,126
456,35,22,60,37,76,65,66,72,80,58,40,11,7,200,148,36,59,21,146,33
140,35,22,37,60,76,65,66,72,40,80,59,58,21,7,33,19,32,67,49,11
48,35,37,60,22,76,66,65,72,40,58,80,59,7,21,33,19,32,49,11,67
437,76,35,22,37,60,72,65,80,66,200,58,148,40,11,7,146,147,142,36,136
112,76,35,22,60,37,72,65,66,80,200,58,148,40,11,7,77,78,49,67,59
366,35,22,60,37,76,65,66,72,80,58,40,200,7,11,148,36,21,59,33,32
130,35,22,37,60,76,65,66,72,40,58,80,59,21,33,7,19,32,49,67,11
228,35,22,60,37,76,65,66,72,80,40,58,7,200,11,36,21,59,33,32,148
153,35,60,22,37,76,65,66,72,40,59,58,21,33,19,32,67,7,49,36,80
469,35,22,60,37,76,65,66,72,80,40,58,7,11,200,36,21,148,59,33,19
276,35,22,37,60,76,65,66,72,80,40,58,200,7,11,148,36,21,59,33,32
405,35,22,37,60,76,66,65,72,80,40,58,7,11,36,200,21,33,19,59,32
266,35,37,60,22,76,66,65,72,80,40,58,36,21,33,7,59,32,19,49,11
313,35,22,37,60,76,66,65,40,80,7,72,11,58,21,33,36,32,19,59,5
117,35,22,60,37,76,66,65,72,40,7,58,59,21,11,80,33,19,32,67,49
159,35,22,60,37,76,66,65,72,40,59,58,21,33,19,32,67,7,49,36,80
11,60,35,22,37,76,65,66,72,58,40,59,7,67,11,49,21,5,33,32,19
78,76,35,22,37,60,72,65,66,80,58,200,40,148,7,11,78,77,49,59,67
206,35,37,22,60,76,65,66,72,80,40,58,7,59,36,21,33,11,32,19,49
410,35,22,60,37,76,66,65,72,80,40,58,7,11,36,200,21,33,19,59,32
339,35,22,60,37,76,65,72,66,80,200,58,40,11,7,148,36,146,59,33,32
445,35,22,60,37,76,65,66,72,80,40,58,7,11,200,36,21,59,33,148,19
403,35,22,37,60,76,65,72,80,66,200,58,7,11,40,148,146,147,36,5,1
288,35,37,22,60,76,66,65,72,80,40,58,7,11,36,21,33,32,19,59,200
125,35,22,37,60,76,65,72,80,66,58,40,11,7,148,200,59,21,49,33,19
460,35,22,37,60,76,66,65,72,80,40,58,7,11,36,200,21,148,59,33,19
4,60,35,37,22,76,65,66,72,58,40,59,67,7,49,11,21,32,33,19,5
182,35,37,60,22,76,65,66,72,40,58,59,21,33,19,32,7,67,49,36,80
218,35,22,60,37,76,65,66,72,80,40,58,200,7,11,36,148,21,59,33,32
461,35,22,37,60,76,65,72,80,66,58,200,40,7,11,148,36,146,59,33,21
255,35,22,60,37,76,65,66,72,80,200,58,40,11,7,148,36,146,59,21,33
318,76,35,22,37,60,72,65,80,66,200,58,148,40,7,11,147,146,142,36,172
131,76,35,22,60,37,72,65,66,80,58,200,148,40,7,11,77,78,49,67,59
102,35,22,37,60,76,66,65,72,40,80,7,58,21,59,11,33,19,32,36,5
197,35,22,60,37,76,40,65,66,21,7,33,19,59,32,11,58,72,5,49,80
250,35,22,37,60,76,65,66,40,80,7,72,58,11,21,33,36,32,19,59,200
199,76,60,35,22,37,72,65,80,66,200,148,58,146,147,142,155,136,114,126,40
105,35,22,60,37,76,65,66,72,40,7,59,58,11,21,80,33,19,32,5,67
436,35,22,60,37,76,65,72,80,66,200,58,148,40,11,7,146,147,36,59,5
82,35,22,60,37,76,66,65,72,40,7,80,59,58,11,21,33,19,32,5,67
70,35,60,22,37,76,66,65,59,33,72,19,21,32,49,67,5,36,34,78,40
489,35,37,22,60,76,66,65,72,80,40,58,7,11,36,200,21,59,33,19,32
472,76,35,22,37,60,72,65,80,66,200,58,148,7,11,40,146,147,142,136,36
91,76,35,22,37,60,72,65,80,66,58,40,7,11,148,200,49,78,1,67,59
463,35,22,60,37,76,65,66,72,80,58,40,7,11,200,148,36,146,59,5,21
413,35,22,60,37,76,65,66,72,80,58,7,11,40,200,148,36,5,146,59,21
426,35,22,60,37,76,65,66,72,80,58,7,11,40,200,148,36,5,59,146,21
279,35,22,60,37,76,65,66,72,80,40,58,7,11,36,200,33,59,32,21,19
290,35,22,60,37,76,65,66,72,80,40,58,36,33,7,59,32,21,19,11,67
384,35,22,60,37,76,65,66,72,80,40,58,7,11,36,200,21,59,148,33,19
293,35,22,60,37,76,65,66,72,80,40,58,200,7,11,36,59,21,33,32,19
451,35,22,60,37,76,65,66,72,80,40,58,7,11,200,36,148,21,59,33,19
432,76,35,22,37,60,72,65,80,66,200,58,148,40,11,7,146,147,142,136,126
360,35,22,37,60,76,66,65,72,80,40,58,7,11,200,36,59,21,33,148,32
324,35,22,37,60,76,66,65,72,80,40,58,7,200,11,36,59,21,33,32,19
300,35,22,60,37,76,66,65,72,80,40,58,7,200,11,36,59,21,33,32,19
294,76,35,60,22,37,65,72,66,80,200,143,140,139,203,202,204,149,188,187,185
322,35,22,37,60,76,65,66,72,80,200,58,40,7,11,148,36,146,59,33,21
354,76,35,22,37,60,65,72,80,66,200,58,148,40,11,7,146,147,142,136,126
361,35,22,60,37,76,65,66,72,80,58,40,7,11,200,148,36,59,21,33,32
115,35,22,37,60,76,65,66,40,72,7,59,21,11,33,19,32,58,5,49,67
77,35,37,22,60,76,40,7,65,66,33,59,19,21,11,32,49,5,58,36,34
116,35,22,37,60,76,40,7,65,66,59,21,11,33,19,32,5,58,49,36,34
29,35,22,37,60,76,65,66,72,40,80,7,59,58,11,21,33,5,19,32,67
12,60,35,22,37,76,65,66,72,58,7,11,40,80,59,67,49,5,21,32,33
192,35,22,60,37,76,65,66,72,80,58,40,11,7,148,200,59,21,146,33,19
61,35,37,22,60,76,59,66,65,19,33,49,21,32,67,5,36,34,78,72,1
36,35,37,22,60,76,65,66,72,40,7,11,33,59,19,58,21,32,5,49,67
440,35,22,37,60,76,80,72,65,66,200,58,11,7,40,148,146,147,1,33,32
481,35,22,37,60,76,7,11,40,66,65,80,58,72,21,5,33,19,32,36,59
428,76,35,22,60,37,72,65,80,66,200,58,148,40,7,11,147,146,142,136,126
23,60,35,22,37,76,65,66,72,58,59,40,67,7,49,11,21,5,33,32,19
423,35,22,37,60,76,65,66,72,80,58,11,7,40,200,148,36,5,146,59,21
359,35,22,37,60,76,66,65,72,80,40,58,7,11,200,36,148,59,21,33,32
220,35,37,60,22,76,66,65,72,80,40,58,7,11,36,33,200,59,32,21,19
170,76,22,35,60,37,72,65,66,80,148,200,58,7,11,40,146,147,142,77,78
494,35,37,22,60,76,65,66,72,40,58,36,80,7,19,33,21,59,32,11,49
188,35,22,37,60,76,65,66,72,80,58,40,7,11,148,200,59,21,146,5,67
100,35,60,37,22,76,59,19,33,49,21,32,67,5,78,36,66,65,34,1,40
381,35,22,60,37,76,65,66,72,80,40,58,7,11,200,36,21,59,33,19,32
22,60,35,37,22,65,66,76,72,58,59,67,49,40,7,11,21,5,33,32,19
121,35,22,60,37,76,65,66,72,80,40,58,59,7,21,33,19,11,32,67,5
412,35,22,60,37,76,65,66,72,80,58,40,11,7,200,148,36,59,5,21,33
474,35,22,37,60,76,66,65,72,80,40,58,7,11,200,36,21,59,33,19,32
66,35,22,60,37,76,66,65,72,40,80,58,7,59,21,11,33,19,32,49,67
325,60,22,35,37,76,66,65,72,80,40,58,36,67,33,32,19,59,78,21,7
226,76,60,35,37,22,72,65,66,80,58,200,40,148,74,7,11,61,69,64,168
345,60,35,22,37,76,66,65,58,40,72,80,36,33,67,32,19,59,7,21,49
143,60,35,37,22,76,67,33,19,59,32,49,78,21,36,65,66,34,40,58,72
292,60,35,37,22,76,65,66,58,40,72,80,36,67,33,32,19,59,7,49,21
161,60,35,37,22,76,67,33,19,59,32,49,78,21,36,34,65,66,1,40,5
213,60,35,37,22,76,65,66,72,80,58,40,36,7,33,32,19,67,78,11,21
194,76,60,35,37,22,72,65,66,58,80,148,40,11,7,78,67,200,147,49,59
69,60,35,37,22,76,67,59,78,33,19,32,21,65,66,49,36,72,40,58,5
369,35,37,22,60,76,66,65,58,72,40,80,7,11,36,33,32,19,67,21,59
458,35,37,22,60,76,40,65,66,80,58,72,7,36,33,11,19,21,32,67,59
320,35,22,37,60,76,40,66,65,58,72,80,33,36,32,19,7,67,21,59,11
93,60,76,35,22,37,67,59,78,49,66,65,33,19,32,21,72,36,40,58,34
399,60,35,22,37,76,66,65,40,58,72,80,36,7,67,33,19,32,11,21,59
363,76,60,35,37,22,72,65,80,66,58,200,148,40,11,7,147,74,75,146,78
309,60,35,22,37,76,66,65,72,40,58,80,36,67,33,32,19,59,21,49,7
58,76,60,35,37,22,67,78,59,65,66,33,19,72,32,49,21,58,40,36,5
156,76,60,35,37,22,65,66,72,58,40,80,7,67,78,11,148,59,33,19,32
75,60,35,37,22,76,67,59,78,49,33,19,32,21,65,66,36,34,40,58,1
128,76,60,35,37,22,65,66,72,58,40,80,7,11,67,78,59,33,19,32,21
289,76,60,35,37,22,65,72,66,80,58,74,200,61,69,64,188,190,189,191,187
249,60,35,22,37,76,66,65,72,58,40,80,36,33,67,32,19,59,21,49,7
273,76,60,35,37,22,65,72,66,80,58,200,40,148,11,7,147,67,78,74,36
450,35,22,37,60,76,65,66,40,58,72,80,36,33,19,32,21,67,7,59,49
13,60,35,37,22,76,65,72,66,58,40,67,11,7,80,61,69,64,59,49,68
358,60,35,22,37,76,66,65,40,58,72,80,7,36,11,33,32,19,67,21,59
31,76,60,35,37,22,65,72,66,58,80,40,7,11,148,67,78,49,59,33,19
180,76,35,60,37,22,72,65,66,80,58,148,40,7,11,67,78,200,147,49,33
113,60,35,22,37,76,67,33,19,59,32,21,49,78,36,40,65,66,34,5,1
312,35,37,22,60,76,65,80,66,72,40,58,7,11,148,200,36,33,32,67,59
398,60,35,22,37,76,65,66,40,58,72,80,36,67,33,19,7,32,11,21,59
393,60,35,22,37,76,65,66,58,40,72,80,36,7,33,19,67,32,21,11,59
392,60,35,22,37,76,65,66,58,40,72,80,36,7,33,19,67,32,21,11,59
265,60,35,37,22,76,65,66,72,80,58,40,36,33,67,32,19,59,7,78,21
282,60,35,22,37,76,65,66,72,80,58,40,36,33,67,32,19,59,7,21,78
222,60,35,37,22,76,65,66,72,80,58,40,11,7,148,200,36,33,67,32,78
44,60,35,37,22,76,67,33,19,59,32,49,78,21,65,66,36,1,34,40,5
401,35,22,37,60,76,66,65,40,58,72,80,7,11,36,33,19,32,21,67,59
316,76,60,35,37,22,72,65,80,66,58,200,148,40,11,7,74,204,203,202,191
187,76,60,35,37,22,65,72,66,80,58,148,147,78,67,146,40,77,49,59,200
94,60,76,35,37,22,67,78,59,66,65,33,19,32,49,21,72,36,40,58,5
95,60,35,37,22,76,67,59,78,49,33,19,32,21,65,66,36,40,58,34,72
17,60,35,22,37,67,59,49,76,66,65,58,33,32,19,72,21,36,34,40,5
76,60,35,37,22,76,67,59,78,49,33,19,32,21,65,66,36,34,40,58,72
484,76,60,35,37,22,72,65,80,66,58,200,148,40,11,7,147,78,67,146,36
346,76,60,35,37,22,72,65,80,66,58,200,40,148,11,7,75,74,81,61,69
243,60,35,37,22,76,65,66,72,80,58,40,11,7,148,200,36,33,67,32,59
269,60,35,37,22,76,65,66,40,58,72,80,36,33,32,19,67,21,7,59,49
331,60,35,22,37,76,65,66,40,58,72,80,36,33,7,32,19,67,21,59,11
434,35,37,22,60,76,66,65,40,58,72,36,19,33,32,67,21,7,80,59,49
20,60,35,37,22,76,65,66,67,59,72,58,49,33,32,19,21,40,36,5,7
183,60,35,37,22,76,67,19,33,32,59,49,21,78,66,65,36,40,34,58,72
314,60,35,37,22,76,66,65,72,40,80,58,36,33,32,19,67,7,21,59,78
341,76,35,60,37,22,80,72,65,66,58,200,40,148,11,7,67,78,147,33,32
72,60,35,37,22,76,67,33,19,32,59,49,21,78,36,34,40,1,5,65,66
195,76,60,35,37,22,65,72,66,58,80,148,40,7,11,200,67,147,78,146,88
351,60,76,35,37,22,65,66,72,80,58,40,11,7,148,200,36,67,78,33,59
305,60,76,35,37,22,66,65,72,80,58,40,36,7,33,67,32,78,19,59,11
374,60,35,22,37,76,66,65,58,40,72,80,36,7,67,33,32,19,11,59,49
256,76,60,35,37,22,72,65,66,80,58,200,40,148,11,7,78,67,74,147,36
376,60,35,37,22,76,65,66,40,58,72,80,7,36,11,33,19,32,67,21,59
490,35,37,22,60,76,66,65,40,58,36,19,33,72,32,67,21,59,49,7,80
377,76,35,60,37,22,72,65,80,66,58,200,40,148,11,7,75,74,81,61,69
495,60,35,37,22,76,66,65,58,40,67,72,36,19,33,32,59,49,78,21,80
84,60,76,35,37,22,67,78,59,33,19,32,21,49,65,66,36,72,40,58,5
126,60,35,22,76,37,67,59,78,19,33,49,66,65,32,21,72,36,40,58,34
338,60,76,35,37,22,66,65,72,80,58,40,7,36,67,11,78,59,33,32,19
455,76,60,35,37,22,65,72,66,80,58,200,148,40,206,202,203,204,205,197,196
283,60,76,35,37,22,65,66,72,80,58,40,36,7,67,59,33,78,11,32,19
217,60,76,35,37,22,65,66,72,80,58,40,7,11,148,200,36,67,78,59,33
372,76,60,35,37,22,72,65,80,66,58,200,40,148,11,7,75,67,78,147,74
14,60,35,37,22,67,59,49,76,19,33,32,21,1,66,65,5,36,34,58,72
10,60,35,37,22,76,67,59,33,32,19,66,65,21,49,72,5,36,58,1,40
86,60,76,35,37,22,66,65,67,59,78,72,33,19,32,21,49,58,40,36,5
239,76,60,35,37,22,72,65,80,66,58,200,40,148,7,11,67,78,36,147,33
229,60,35,37,22,76,65,66,80,72,58,40,7,11,36,33,67,59,32,19,21
493,60,35,22,37,76,40,65,66,58,19,33,67,7,32,36,80,21,59,11,49
386,60,35,37,22,76,40,66,65,58,7,80,11,72,33,67,19,36,32,59,21
302,76,60,35,37,22,80,72,65,66,58,200,40,148,11,7,67,78,147,33,49
429,60,76,35,37,22,65,66,72,80,58,40,11,7,148,200,36,67,78,59,33
390,76,60,35,37,22,65,72,66,80,58,200,148,40,74,61,64,69,55,68,75
400,60,76,35,37,22,65,66,72,58,80,40,7,11,36,67,78,33,19,59,32
391,60,76,35,37,22,66,65,72,58,80,40,7,11,36,67,78,33,19,59,32
397,60,35,22,37,76,66,65,58,40,72,80,67,36,19,33,7,32,59,49,11
145,60,35,22,76,37,67,59,78,19,33,49,32,66,65,21,36,72,40,34,58
272,76,60,35,37,22,65,72,80,66,58,200,40,148,11,7,67,36,78,147,33
57,76,60,35,37,22,67,78,59,65,66,33,19,32,21,72,49,58,36,40,5
311,76,60,35,37,22,65,72,66,80,58,74,61,69,64,75,68,55,46,47,48
382,60,35,37,76,22,66,65,58,72,40,80,7,36,11,67,33,19,59,32,78
18,60,35,37,22,76,67,59,65,66,49,33,72,32,19,21,58,36,5,1,40
83,60,35,37,22,76,67,59,49,33,19,32,78,21,65,66,36,34,1,58,40
315,60,76,35,37,22,65,66,72,80,58,40,7,36,67,11,33,59,78,32,19
19,60,35,22,37,76,67,59,49,66,65,19,32,33,72,21,58,5,1,36,40
73,60,76,35,37,22,65,66,72,58,40,80,11,7,67,78,59,33,49,19,32
332,60,76,35,37,22,66,65,72,58,80,40,7,11,36,67,59,33,78,32,19
353,60,35,37,22,76,65,66,58,40,72,80,7,11,36,67,33,32,19,59,49
47,60,35,37,22,76,67,33,19,32,59,49,21,78,1,36,5,34,65,66,40
103,60,35,22,37,76,67,59,33,19,32,49,21,78,36,5,66,65,1,40,34
123,76,60,35,37,22,64,69,61,75,68,55,74,56,48,52,46,47,54,42,65
328,76,60,35,37,22,65,72,80,74,75,66,69,64,61,68,55,79,82,81,56
33,60,35,22,37,76,67,59,33,19,32,49,21,78,5,1,36,34,40,65,66
184,35,37,60,22,76,67,49,33,19,32,59,78,21,36,34,66,65,40,88,1
449,35,37,60,22,76,65,66,72,80,58,40,11,7,148,200,36,67,33,32,78
39,35,22,37,60,76,67,33,19,78,32,59,21,49,36,65,66,5,40,72,1
270,35,60,22,37,76,65,66,40,72,58,80,36,33,67,32,19,49,21,59,7
409,76,35,60,37,22,72,65,80,66,58,200,148,40,11,7,147,146,78,67,36
298,76,35,60,37,22,65,72,66,80,200,58,74,75,148,190,189,188,191,187,202
132,35,37,60,22,76,67,49,33,19,32,59,78,21,36,34,1,65,66,5,40
304,35,60,37,22,76,65,66,40,58,72,80,36,33,32,19,7,67,49,21,11
356,76,35,60,37,22,65,72,66,80,58,64,69,61,68,55,47,46,52,48,74
252,76,35,37,60,22,72,65,80,66,58,200,148,40,11,7,147,146,67,78,36
303,76,35,60,37,22,65,72,66,80,58,200,40,74,75,69,64,61,148,68,47
385,35,37,60,22,76,66,65,72,58,40,80,7,11,36,33,19,21,32,67,59
27,76,35,37,60,22,72,65,66,80,58,40,67,78,49,7,11,59,1,33,32
327,35,37,22,60,76,65,80,66,72,40,58,11,7,148,200,36,33,32,67,19
418,76,35,37,60,22,80,72,65,66,200,58,40,148,11,7,147,67,78,146,49
380,76,35,60,37,22,65,72,66,80,200,58,148,40,11,7,147,146,78,67,36
453,35,37,60,22,76,66,65,72,40,58,80,36,33,7,19,67,32,78,21,11
496,35,22,60,37,76,66,65,40,58,72,36,33,19,32,67,21,80,49,59,78
352,35,37,60,22,76,65,66,72,40,80,58,7,36,11,33,67,32,19,21,78
51,35,37,22,60,76,67,49,19,33,59,32,21,78,36,66,65,5,1,40,34
25,35,22,37,60,76,67,49,33,19,32,59,78,21,1,5,36,34,66,65,40
59,35,37,60,22,76,65,66,72,58,40,7,11,80,67,78,59,33,19,32,21
464,76,35,60,37,22,65,72,80,66,58,40,200,148,11,7,36,147,67,33,146
0,35,37,22,60,76,67,32,19,33,49,59,21,1,5,36,65,66,40,34,58
63,35,22,37,60,76,67,33,19,49,32,59,21,78,65,66,36,1,5,40,72
379,35,37,22,60,76,65,66,40,58,72,7,11,80,36,19,33,32,67,49,21
146,35,37,22,60,76,67,49,33,19,32,59,21,78,65,66,36,40,58,1,34
9,35,22,37,60,76,67,32,33,19,49,59,21,1,5,36,40,66,65,34,7
433,76,35,37,60,22,72,65,80,66,200,58,40,148,11,7,147,67,78,49,146
477,35,22,60,37,76,66,65,40,72,58,36,80,33,19,7,21,32,67,59,49
466,76,35,37,60,22,72,65,80,66,58,200,148,40,11,7,147,146,78,67,36
158,35,37,22,60,76,67,49,33,19,32,59,21,78,66,65,36,40,34,5,72
79,35,37,60,22,76,67,49,33,19,32,59,21,78,36,5,66,65,1,34,40
462,76,35,37,60,22,72,65,80,66,58,200,148,40,11,7,147,146,78,36,67
281,76,35,60,37,22,65,72,66,80,200,58,74,188,189,191,190,187,202,203,204
90,35,76,37,60,22,65,66,67,72,78,59,33,19,32,21,49,40,58,36,5
310,35,60,37,22,76,65,66,72,80,40,58,7,36,11,33,67,32,19,21,78
415,35,37,60,22,76,65,66,72,80,58,40,11,7,148,200,36,67,33,32,78
291,76,35,60,37,22,65,72,80,66,58,200,40,148,11,7,36,147,146,67,33
7,60,35,37,22,76,67,59,49,33,32,19,65,66,21,5,58,36,1,72,34
419,35,22,37,60,76,66,65,40,58,72,7,80,11,36,19,33,32,67,49,21
271,76,35,60,37,22,65,72,66,64,69,61,68,55,52,48,47,46,74,75,42
368,35,37,22,60,76,40,66,65,7,80,58,11,72,36,33,32,19,21,67,59
118,76,35,37,60,22,72,65,66,58,80,40,148,11,7,200,75,78,49,67,59
87,35,37,60,22,76,59,33,21,19,66,65,32,67,78,49,72,36,40,5,58
92,35,37,60,22,76,65,66,72,40,58,7,11,80,59,21,5,67,33,78,19
21,60,35,37,22,76,65,72,66,58,40,61,55,69,64,56,52,48,47,68,54
193,76,35,60,37,22,139,143,149,140,152,74,144,151,65,166,72,167,150,156,153
165,35,22,60,37,76,49,19,33,59,32,67,21,78,36,65,66,40,34,5,58
408,76,35,60,37,22,65,72,66,80,200,58,148,40,11,7,147,146,36,204,203
488,35,22,37,60,76,66,65,40,58,36,72,7,21,19,33,32,59,11,49,80
258,35,22,37,60,76,66,65,40,72,58,80,7,36,11,33,21,32,19,59,49
414,35,60,37,22,76,65,66,40,58,72,80,7,11,36,33,21,19,59,32,148
396,35,37,60,22,76,40,65,66,58,7,72,11,36,80,33,19,32,21,49,59
476,35,37,60,22,76,65,66,40,58,72,36,7,11,80,21,33,19,32,59,49
175,35,60,37,22,76,65,66,72,40,58,7,11,80,148,59,21,146,67,33,78
64,35,37,60,22,76,59,21,66,65,33,19,32,67,49,78,72,36,40,58,5
473,76,35,37,60,22,72,65,80,66,58,200,148,40,11,7,147,146,36,78,49
15,60,35,22,37,76,59,49,67,33,32,19,21,66,65,5,58,36,1,34,40
321,76,35,37,60,22,72,65,80,66,200,58,148,40,11,7,147,146,36,49,67
152,35,22,60,37,76,49,19,33,59,32,21,67,66,65,36,40,78,34,58,5
475,76,35,37,60,22,72,65,80,66,58,200,148,40,11,7,147,146,36,49,67
24,35,60,37,22,76,65,72,66,58,80,40,11,7,148,49,1,59,200,67,5
196,60,35,37,22,76,65,66,72,59,80,58,40,33,21,19,67,49,32,78,36
236,76,35,60,37,22,72,65,66,80,200,58,148,40,7,11,147,146,75,74,36
231,76,35,37,60,22,65,72,80,66,200,58,148,40,11,7,147,75,74,146,169
202,76,60,35,37,22,143,149,139,140,152,151,144,166,167,156,158,154,153,161,74
435,35,37,60,22,76,65,72,80,66,58,200,148,40,11,7,147,146,36,33,67
212,35,22,37,60,76,65,66,40,58,72,80,36,7,11,33,21,32,19,59,49
210,35,37,22,60,76,66,65,40,58,72,36,7,80,33,11,32,19,21,49,59
230,76,35,37,60,22,65,72,66,80,168,169,170,171,173,74,200,149,140,139,143
444,76,35,37,60,22,65,72,66,58,80,200,148,40,206,202,203,204,205,197,11
177,35,60,37,22,76,66,65,59,33,21,72,19,32,67,40,78,49,58,36,5
139,35,37,22,60,76,49,33,19,59,32,67,21,78,36,66,65,40,34,5,58
133,35,37,22,60,76,49,33,19,59,32,67,21,78,36,34,5,1,65,66,40
151,35,37,60,22,76,65,72,66,148,80,58,40,7,11,200,147,146,49,67,59
144,76,35,60,37,22,140,139,143,149,65,152,74,72,52,46,47,48,144,151,61
174,35,37,60,22,76,49,33,19,59,32,21,67,36,78,34,5,1,65,66,40
232,76,35,37,60,22,72,65,66,80,200,58,148,40,7,11,169,173,170,168,171
74,35,37,60,22,76,49,19,33,59,32,21,67,36,78,34,5,66,65,40,1
101,76,35,60,37,22,72,65,66,80,58,148,40,7,11,200,49,78,67,147,59
219,35,22,60,37,76,65,66,40,58,72,80,36,7,33,11,32,19,21,49,59
98,35,22,37,60,76,59,21,19,33,49,32,66,65,67,36,40,5,78,58,72
427,35,37,60,22,76,65,72,80,66,58,200,148,40,11,7,147,36,146,33,49
35,35,37,60,22,76,49,33,19,59,32,21,67,5,1,36,78,34,40,65,66
28,76,35,60,37,22,65,72,74,75,48,46,47,52,61,64,55,69,66,68,42
200,76,60,35,37,22,65,149,152,144,151,143,140,139,72,150,74,66,167,75,158
344,35,37,60,22,76,65,72,80,66,58,200,148,40,11,7,147,146,36,33,59
431,76,35,37,60,22,72,65,66,80,200,58,148,40,11,7,147,146,36,49,67
333,35,22,37,60,76,40,65,66,58,7,72,11,36,80,33,21,32,19,59,49
42,76,35,37,60,22,72,65,66,80,58,40,7,11,148,200,49,67,1,78,59
439,76,35,37,60,22,80,72,65,200,66,148,58,40,11,7,147,146,49,36,67
191,35,37,22,60,76,33,19,32,49,21,59,67,36,34,5,78,1,40,66,65
275,35,37,60,22,76,65,66,72,80,58,40,11,7,148,200,36,33,59,146,32
287,35,60,37,22,76,65,66,72,80,40,58,7,11,36,33,21,59,32,19,148
150,35,37,60,22,76,65,72,66,148,80,58,40,7,11,147,200,146,49,67,59
268,76,35,60,37,22,72,65,66,80,200,58,148,40,7,11,147,146,186,193,192
417,35,22,37,60,76,40,66,65,58,7,72,11,36,80,33,19,32,21,49,59
45,35,22,37,60,76,49,33,19,59,32,67,21,5,34,78,36,1,40,66,65
142,35,22,60,37,76,59,21,19,33,49,32,67,66,65,36,78,34,40,5,72
411,35,60,37,22,76,65,72,80,66,58,200,148,40,11,7,147,146,36,33,67
447,76,37,35,60,22,65,72,66,80,58,200,148,40,202,206,203,204,205,197,74
111,35,60,37,22,76,66,65,59,33,21,19,72,32,67,78,40,49,58,36,5
205,35,37,60,22,76,66,65,40,58,49,33,59,36,32,19,67,21,72,34,78
459,35,37,60,22,76,66,65,40,58,72,80,36,7,11,33,21,19,59,32,67
215,35,22,60,37,76,65,66,40,58,72,80,7,36,11,33,21,32,19,59,49
8,60,35,37,22,59,49,67,76,32,33,19,21,5,34,36,1,66,65,58,40
259,76,35,37,60,22,72,65,66,80,200,58,148,40,7,11,75,192,186,193,147
330,35,76,37,60,22,65,203,202,204,47,52,46,48,72,190,191,188,189,187,195
186,76,35,60,37,22,72,65,66,148,80,58,40,11,7,200,147,146,49,78,67
278,35,60,37,22,76,65,66,72,58,40,80,7,36,11,33,21,59,32,19,148
264,76,35,60,37,22,72,65,80,66,200,58,148,40,11,7,147,146,36,78,75
68,35,37,60,22,76,49,19,33,59,32,21,67,34,36,78,5,1,65,66,40
221,35,37,22,60,76,65,80,66,40,72,58,11,7,148,200,36,33,59,32,21
387,35,37,22,60,76,11,65,7,40,80,66,58,72,148,200,36,33,21,59,32
342,35,37,76,60,22,47,52,48,46,65,55,64,69,61,42,74,204,203,202,68
402,35,37,60,22,76,65,72,80,66,58,200,148,40,11,7,147,146,36,33,142
240,35,37,60,22,76,65,66,72,80,40,58,7,11,36,33,21,59,32,19,148
388,35,37,60,22,76,65,72,80,66,58,200,148,40,11,7,147,146,36,33,67
277,76,35,60,37,22,72,65,80,66,200,58,148,40,11,7,192,186,193,75,151
169,35,22,60,37,76,59,21,19,33,49,32,67,65,66,36,78,34,40,5,72
155,35,37,60,22,76,65,66,59,33,21,19,72,32,67,78,40,49,58,36,5
190,76,35,60,37,22,139,140,149,143,152,74,144,151,75,65,150,52,47,46,48
181,35,22,60,37,76,59,21,33,19,49,32,67,65,66,36,78,34,40,5,72
448,76,35,37,60,22,65,72,66,80,58,200,206,202,203,204,205,148,197,40,196
124,35,22,60,37,76,59,21,19,33,49,32,66,65,67,36,34,78,40,5,58
167,76,35,37,60,22,72,65,66,148,58,80,40,147,146,11,7,200,78,49,67
